[{"model": "admin.logentry", "pk": 282, "fields": {"action_time": "2022-06-15T12:04:38.511Z", "user": 4, "content_type": 4, "object_id": "2", "object_repr": "joanna.lazarek@fecil.uk", "action_flag": 3, "change_message": ""}}, {"model": "admin.logentry", "pk": 283, "fields": {"action_time": "2022-06-15T12:04:38.513Z", "user": 4, "content_type": 4, "object_id": "1", "object_repr": "joannaelazarek@yahoo.co.uk", "action_flag": 3, "change_message": ""}}, {"model": "admin.logentry", "pk": 284, "fields": {"action_time": "2022-06-15T12:04:38.515Z", "user": 4, "content_type": 4, "object_id": "3", "object_repr": "test@fecil.uk", "action_flag": 3, "change_message": ""}}, {"model": "admin.logentry", "pk": 285, "fields": {"action_time": "2022-06-15T12:51:10.814Z", "user": 4, "content_type": 14, "object_id": "205", "object_repr": "Test4", "action_flag": 3, "change_message": ""}}, {"model": "admin.logentry", "pk": 286, "fields": {"action_time": "2022-06-15T12:51:10.816Z", "user": 4, "content_type": 14, "object_id": "204", "object_repr": "test 2", "action_flag": 3, "change_message": ""}}, {"model": "admin.logentry", "pk": 287, "fields": {"action_time": "2022-06-15T12:51:10.817Z", "user": 4, "content_type": 14, "object_id": "203", "object_repr": "test", "action_flag": 3, "change_message": ""}}, {"model": "admin.logentry", "pk": 288, "fields": {"action_time": "2022-06-15T13:46:35.626Z", "user": 4, "content_type": 14, "object_id": "206", "object_repr": "test3", "action_flag": 3, "change_message": ""}}, {"model": "admin.logentry", "pk": 289, "fields": {"action_time": "2022-06-16T13:08:09.701Z", "user": 4, "content_type": 8, "object_id": "4", "object_repr": "joannaelazarek@yahoo.co.uk", "action_flag": 2, "change_message": "[]"}}, {"model": "auth.user", "pk": 4, "fields": {"password": "pbkdf2_sha256$260000$vC6mbgajhJPUkojSd5DVPK$HbmktP9nvfvKB76Tu4o1042uqmRU+4FjdRYy0xaJUp0=", "last_login": "2022-06-16T17:25:53.789Z", "is_superuser": true, "username": "admin", "first_name": "", "last_name": "", "email": "joannaelazarek@yahoo.co.uk", "is_staff": true, "is_active": true, "date_joined": "2022-06-15T12:01:12.606Z", "groups": [], "user_permissions": []}}, {"model": "auth.user", "pk": 5, "fields": {"password": "pbkdf2_sha256$260000$J8CtYW0FCGa1h9lmtotfA6$ciELHuemxijmyiTa4MEnuCAu6Oxs4J7qXps2YKzVrN4=", "last_login": "2022-06-15T15:27:09.897Z", "is_superuser": true, "username": "tutor", "first_name": "", "last_name": "", "email": "", "is_staff": true, "is_active": true, "date_joined": "2022-06-15T15:26:59.025Z", "groups": [], "user_permissions": []}}, {"model": "sessions.session", "pk": "142oco2lgbt115dqjt17nncnc08x9eve", "fields": {"session_data": ".eJxVjEkOgzAQBP8y58gaLyzmmHveYI03cBKZCIOUCPH3gMSFa1V1r2Cph24F3mjo-HYDU0IpacwmfD9p-u1QoK4Rd0PLPJilhMkkDx0ouDBL7hXyIfyTcj8yN-Z5SpYdCTttYY_Rh_f9bC8HA5VhX2vFhedBY-1QCm65a6KUtXREAUVEXlWRYutaqbTCVkXbRJRKRkmVwECw_QFCBkPi:1o1kEt:B95k8LEUBYGttMFSPHHJSkLO8w9g9KgM1EB1QEhMOus", "expire_date": "2022-06-30T07:48:27.205Z"}}, {"model": "sessions.session", "pk": "4xejds41lgouk2cxd0rtrjv3jwpvobdz", "fields": {"session_data": "e30:1o13xb:cozosSSGTXvA_oGoDVUWFpvQ4OjAGUC8UR9UymsRj-s", "expire_date": "2022-06-28T10:39:47.011Z"}}, {"model": "sessions.session", "pk": "51rmftdu3ksbv9gd5u8ghbks00c4c3ye", "fields": {"session_data": ".eJxVjLEOgzAQQ__lZhQRSMLB2L3fgC6XC9BWIBGYEP_eILEwWfazfYCnAboDdGug0wVoxKz1WUBP-zb2e5K1nwJ0oOGReeKvzBcIH5qHRfEyb-vk1VVRN03qvQT5ve7u42CkNOZ1wyYgi9ON5ap0HASNCMbonVDJQlWguswBOpGYfbStl2AryyjGWjj_VFk_jw:1ntTjI:q-QbY5N1Wfmeq8Dd6wij3IKWXrJch_2YE8BZeHd7SbM", "expire_date": "2022-06-07T12:33:40.305Z"}}, {"model": "sessions.session", "pk": "bn18y7xt5mvdy3z166kmiwmfeqolawwx", "fields": {"session_data": ".eJxVjDsOhCAQhu8ytSGCgEi5_Z7BDMOg7m40Ea2Md19MbKy-_M8DAg7gD5CdBK-rQgW-KWwteFnoipZnBT3u29jvmdd-iuBBwsMLSF-eryB-cB4WQcu8rVMQV0XcaRbvJfLvdXcfByPmsaxb0tERW9kaUrWlyE4zu5SCZayJUUVs6mI4y5yKTqYLHI0y5FgbA-cfke9CSA:1nqc1q:i2_6xpn-2n0zEQqLegi5VSQxgA4qdsIpC-mQUKTdp8Y", "expire_date": "2022-05-30T14:48:58.020Z"}}, {"model": "sessions.session", "pk": "i8art8upgm0d0njwx7dkrftfeqkenn7d", "fields": {"session_data": ".eJxVjEEOgjAURO_StWmgtqW6dM8ZyO__U0FNm1BYGe8uJCx0OW_ezFsNtC7jsFbMwyTqqlp1-mWR-Im8F_KgfC-aS17mKepd0UdbdV8Er9vh_h2MVMdt3bGVwPBt59g0ngXBAiGl6EENg4zQudlA8EDacnKXCHHGcYB1Tn2-IqY5xw:1nmtMm:WKUFs1t6rGRYlfC1A616685du3rBWbhuymfzGuMHNe4", "expire_date": "2022-05-20T08:31:12.881Z"}}, {"model": "sessions.session", "pk": "i9113o5ep2xn2vusz8eaouh3d0831ubb", "fields": {"session_data": "eyJfc2Vzc2lvbl9leHBpcnkiOjB9:1njghG:lqhb7rFBj61njMEgD7tEnK-kqniFmuQ9VlsuGV6fRVE", "expire_date": "2022-05-11T12:23:06.815Z"}}, {"model": "sessions.session", "pk": "jhlu14p85k1fyk1s7j74ifnyyas6rbk0", "fields": {"session_data": ".eJxVjLEOwjAMRP8lM4qcKlVrRna-IXJimxRQIjXtVPHvtFIHWG649-42E2hdclibzGFiczW9ufx2kdJLygH4SeVRbaplmadoD8WetNl7ZXnfTvfvIFPL-zoqkkfqHKCIOh5JIgyo2KFTZvQ-MWsEcImIE8EIMgD1KbLuoebzBRnoOdY:1o1UvF:c_gUDoet9e0Dsf42iB-lhp55SmptZfHRv_nLCSdxYqw", "expire_date": "2022-06-29T15:27:09.901Z"}}, {"model": "sessions.session", "pk": "mbi3ndjfmqbyc4yjra6u3md41x0dh9d1", "fields": {"session_data": ".eJxVjEEOgjAURO_StWmgtqW6dM8ZyO__U0FNm1BYGe8uJCx0OW_ezFsNtC7jsFbMwyTqqlp1-mWR-Im8F_KgfC-aS17mKepd0UdbdV8Er9vh_h2MVMdt3bGVwPBt59g0ngXBAiGl6EENg4zQudlA8EDacnKXCHHGcYB1Tn2-IqY5xw:1nlDWD:e4Yda7fW55ozcgV8mKhynMljSid6L3718SIadcdnXbk", "expire_date": "2022-05-15T17:38:01.206Z"}}, {"model": "sessions.session", "pk": "mtecz0gk8rg2buqr6z74dgsp0uepewtj", "fields": {"session_data": "eyJiYWciOnsiMTkyIjoxfX0:1o0331:i3glZv-k8UldMCcVGh5FJEDEVn_qklOz2JV3kfHyA-U", "expire_date": "2022-06-25T15:29:11.718Z"}}, {"model": "sessions.session", "pk": "nhzhztdqmnzgqbpwtlcbsozqn808eoqm", "fields": {"session_data": "eyJiYWciOnsiMTc1IjoxfX0:1nuABR:IPl26FkDl76EHEcvp1772mDlypP6x0qP6Eo-XH3pDYU", "expire_date": "2022-06-09T09:53:33.405Z"}}, {"model": "sessions.session", "pk": "skacywuaaqoa3tkujbw7g2igtd5iuidy", "fields": {"session_data": ".eJxVjMsOwiAURP-FtSGUh0CX7v0GcikXixow0BqN8d9tTRe6nJkz50UczNPo5obVpUB6wsnut_MwXDCvQzhDPhU6lDzV5OmK0G1t9FgCXg8b-ycYoY3LG6wxSuk94zpqExiPVi5ZKB6ElkMXwHotrYoaUNqFY953wkiUwmvNv9KGraWSHT5uqT5Jz3akwR1dyrGQfqozvj-MIUQE:1o19dI:KEk4ux-103WDWEP52pSMLEkvo_rvHCcuF69B4d1nzV8", "expire_date": "2022-06-28T16:43:12.384Z"}}, {"model": "sessions.session", "pk": "u53rkzt0l52cy87fircp46pg7bcvfo47", "fields": {"session_data": "e30:1o1WXZ:9Coj6UNfjacPO934vv_8393hq9zMuUqrpCrYldBALXY", "expire_date": "2022-06-29T17:10:49.765Z"}}, {"model": "sessions.session", "pk": "v7gauyjfweqqwi8k5mt4teho0sx8vspv", "fields": {"session_data": ".eJxVjEsOgzAMRO_iNYrqlISEZfc9A7JjB2grkPisEHcvSGxYjTTz3mzA1EK9AUYLNRaA4XHkXkBD69I166xT0wvUUMKtY0pfHc5BPjS0o0njsEw9mxMx1zqb9yj6e13s7aCjuTvsqF65sglLspK1imxDxCghI5UiWdRjdNn56Cu0T3ZBcnoeCpPNzhHsfwJGPjw:1o1tFh:PoPpHR1R9CrelJZXHNMkVOHNBCxm4TI4T0f-4nz1m8k", "expire_date": "2022-06-30T17:25:53.795Z"}}, {"model": "sessions.session", "pk": "vu7cfl5hgauqer3ipufimvtgvo7l4824", "fields": {"session_data": ".eJxVjDsOgzAQRO-yNbKwg79l-pwB2es1kEQg8akQd4-tuKF6mnmze0LwA7gTuBXgRANca3A809g_raxZVGZvCkt_NdD7Yx_7Y6O1nyI44HDrgscPzUXEt5-HheEy7-sUWJmwajf2WiJ9n3V7ezD6bczXGrtokBTXEkWrMJLpiExKQZFvkbyI_tHmwiiilHOSNlCUQqKhTkq4fpMPRsE:1ntaOc:GiXzTzrUCP3DOdoH0yZeHC8dG2wJz2Qnpd7ttJMQd2U", "expire_date": "2022-06-07T19:40:46.385Z"}}, {"model": "sessions.session", "pk": "wynbows384u8pck8kb5dgqwc0hwdnk3v", "fields": {"session_data": "eyJiYWciOnsiMTc4IjoxfX0:1o02bR:5ca_5tuu42RIrWlLcp0Jw7C3mPSGmsiODEvgAOcZwak", "expire_date": "2022-06-25T15:00:41.951Z"}}, {"model": "sessions.session", "pk": "yl6gwtlqh35w16eqbydwpxjpd6f11x0p", "fields": {"session_data": "eyJiYWciOnsiMTkwIjoxfX0:1o1phH:bl-wUNFKgnkcWtRaBFII-vGzh3aS99LrjetB6mdrkBM", "expire_date": "2022-06-30T13:38:07.450Z"}}, {"model": "sessions.session", "pk": "yqjlnykt7vumenrntufaexe7aqvo3pof", "fields": {"session_data": "eyJhY2NvdW50X3ZlcmlmaWVkX2VtYWlsIjpudWxsLCJhY2NvdW50X3VzZXIiOiIyIn0:1o13wN:bh43w7pPRZKzv_XVlij4Jmzngdo8w-n2VBnQ6dqkcdE", "expire_date": "2022-06-28T10:38:31.423Z"}}, {"model": "sites.site", "pk": 1, "fields": {"domain": "boutiquecrossfit.example.com", "name": "Boutique CrossFit"}}, {"model": "account.emailaddress", "pk": 4, "fields": {"user": 4, "email": "joannaelazarek@yahoo.co.uk", "verified": true, "primary": true}}, {"model": "products.category", "pk": 3, "fields": {"name": "clearance", "friendly_name": "Clearance"}}, {"model": "products.category", "pk": 4, "fields": {"name": "belts", "friendly_name": "Belts"}}, {"model": "products.category", "pk": 5, "fields": {"name": "wrist_support", "friendly_name": "Wrist_support"}}, {"model": "products.category", "pk": 6, "fields": {"name": "skipping_ropes", "friendly_name": "Skipping ropes"}}, {"model": "products.category", "pk": 7, "fields": {"name": "bottles", "friendly_name": "Bottles"}}, {"model": "products.category", "pk": 8, "fields": {"name": "chalk", "friendly_name": "Chalk"}}, {"model": "products.category", "pk": 9, "fields": {"name": "tapes", "friendly_name": "Tapes"}}, {"model": "products.category", "pk": 10, "fields": {"name": "knee_support", "friendly_name": "Knee support"}}, {"model": "products.category", "pk": 11, "fields": {"name": "bands", "friendly_name": "Bands"}}, {"model": "products.category", "pk": 12, "fields": {"name": "gifts", "friendly_name": "Gifts"}}, {"model": "products.product", "pk": 1, "fields": {"category": 9, "sku": "prod1", "name": "WEIGHTLIFTING TAP - BLACK", "description": "LYFT-RX Weightlifting Hook Grip Tape w/Premium Adhesive for Olympic Weight Lift, Crossfit, Lifting & Gym, Stretch Athletic Finger Wrap, Protects Thumb...", "has_size": false, "price": "12.99", "rating": "4.80", "image_url": null, "image": "Body_tape_black_x5Aqoqt.jpg"}}, {"model": "products.product", "pk": 175, "fields": {"category": 9, "sku": "prod2", "name": "WEIGHTLIFTING TAP - PINK", "description": "WARM BODY COLD MIND Premium Lifting Thumb Tape for Weightlifting, Powerlifting & Strength Deadlift Training - Hook Grip Tearable Elastic Cotton Sweat...", "has_size": false, "price": "12.99", "rating": "4.80", "image_url": null, "image": "Body_tape_pink_un8scZh.jpg"}}, {"model": "products.product", "pk": 176, "fields": {"category": 9, "sku": "prod3", "name": "ROCKTAPE KINESIOLOGY TAPE ATHLETES", "description": "Rocktape Kinesiology Tape Athletes, Water Resistant, Reduce Pain & Injury Recovery, 5cm x 5m, Uncut, Muertape", "has_size": false, "price": "11.99", "rating": "4.65", "image_url": null, "image": "Body_tape_RockTape_patern_vQz9Yij.jpg"}}, {"model": "products.product", "pk": 177, "fields": {"category": 9, "sku": "prod4", "name": "ROCKTAPE UNISEX’ S", "description": "RockTape Unisex’ s 2\" H2O Black Logo Tape, Small, Uncut Roll-5cm Wide", "has_size": false, "price": "11.99", "rating": "4.55", "image_url": null, "image": "Body_tape_skull_pattent_aVwnAt9.jpg"}}, {"model": "products.product", "pk": 178, "fields": {"category": 6, "sku": "prod5", "name": "BEAST GEAR SKIPPING ROPE", "description": "Beast Gear Skipping Rope – Steel Speed Jump Ropes for Adult Fitness – Lightweight, Adjustable Workout Equipment for Beginners & Pros - for Jumping,...", "has_size": false, "price": "15.99", "rating": "4.90", "image_url": null, "image": "Red_skipping_rope_nxW9ZuU.png"}}, {"model": "products.product", "pk": 179, "fields": {"category": 6, "sku": "prod9", "name": "SPEED ROPE", "description": "BRANK SPORTS® Speed rope incl. 3 steel spare cables | Ideal for Crossfit, fitness, boxing and easy double under | Skipping ropes for fitness women and men..", "has_size": false, "price": "18.99", "rating": "4.80", "image_url": null, "image": "White_handles_skipping_rope_iKDAvKP.jpg"}}, {"model": "products.product", "pk": 180, "fields": {"category": 6, "sku": "prod8", "name": "PRO SPEED SKIPPING ROPE", "description": "PrimaFIT Pro Speed Skipping Rope Adult Fitness for Men Women Weighted Jump Rope 3m Adjustable Tangle-Free with Self-Locking Non-Slip Handle Boxing Gym MMA...", "has_size": false, "price": "17.50", "rating": "4.20", "image_url": null, "image": "Yellow_skipping_rope_VdlVXJ6.jpg"}}, {"model": "products.product", "pk": 181, "fields": {"category": 10, "sku": "prod6", "name": "BEAST GEAR - BEAST SLEEVES PRO", "description": "Advanced 7mm Neoprene Double-Ply Compression Knee Sleeves for Support and Protection. Weightlifting, Crossfit, Powerlifting, Strongman, Squats, Deadlift, Olympic Lifting", "has_size": true, "price": "20.50", "rating": "4.30", "image_url": null, "image": "Knee_sleeves_support_black_h0WZ5MV.jpg"}}, {"model": "products.product", "pk": 182, "fields": {"category": 10, "sku": "prod7", "name": "BEAST SLEEVES BY BEAST GEAR", "description": "Premium 5mm Neoprene Compression Knee Sleeves for Support and Protection. Weightlifting, Crossfit, Powerlifting, Squats,..", "has_size": true, "price": "19.50", "rating": "4.20", "image_url": null, "image": "Knee_sleeves_support_black_red_inside_u6y94PI.jpg"}}, {"model": "products.product", "pk": 183, "fields": {"category": 5, "sku": "prod10", "name": "BEAR GRIP", "description": "Premium Heavy Duty 24\" Weight Lifting Wrist Wraps, Bodybuilding, Crossfit, Powerlifting, StrongMan", "has_size": true, "price": "22.50", "rating": "4.90", "image_url": null, "image": "Wrist_wraps_green_pink_grizzly_T6daFx9.jpg"}}, {"model": "products.product", "pk": 184, "fields": {"category": 5, "sku": "prod11", "name": "VIKING GEAR WRIST WRAPS", "description": "Red wrist wraps, wrist support weightlifting, wrist brace for weight lifting, powerlifting wrist wraps | Crossfit wrist wraps", "has_size": true, "price": "21.60", "rating": "4.30", "image_url": null, "image": "Wrist_support_red_black_logo_Er8latS.jpg"}}, {"model": "products.product", "pk": 185, "fields": {"category": 5, "sku": "prod12", "name": "BEAR GRIP GLOVES", "description": "Open Workout Gloves with extra Palm protection for CrossFit, Bodybuilding, callisthenics, Powerlifting", "has_size": true, "price": "17.25", "rating": "4.10", "image_url": null, "image": "Workout_gloves_with_wrist_support_black_HECQ6lh.jpg"}}, {"model": "products.product", "pk": 186, "fields": {"category": 8, "sku": "prod13", "name": "BEAST GEAR LIQUID CHALK", "description": "Advanced Formula for Extra Grip, Reduced Sweat and High Performance. Perfect for Weightlifting, Crossfit, Rock Climbing, Bouldering...", "has_size": false, "price": "6.99", "rating": "4.20", "image_url": null, "image": "Liquid_chalk_super_grip_TrFRaUc.jpg"}}, {"model": "products.product", "pk": 187, "fields": {"category": 8, "sku": "prod14", "name": "LIQUID CHALK", "description": "YAYB Super Grip White Label , PREMIUM GRIP, Weightlifting, Rock Climbing, Bouldering, Gymnastics, Pole, strongman, yoga, Fitness", "has_size": false, "price": "7.99", "rating": "4.80", "image_url": null, "image": "Liquid_chalk_2pRWYhW.jpg"}}, {"model": "products.product", "pk": 188, "fields": {"category": 4, "sku": "prod15", "name": "SELF-LOCKING WEIGHT LIFTING BELT", "description": "Premium Weightlifting Belt for Serious Functional Fitness, Weight Lifting, and Olympic Lifting Athletes - Lifting Support...", "has_size": false, "price": "55.00", "rating": "4.80", "image_url": null, "image": "Self_locking_weight_lifting_belt_silver_3aHCXhX.jpg"}}, {"model": "products.product", "pk": 189, "fields": {"category": 4, "sku": "prod16", "name": "RDX WEIGHT LIFTING BELT GYM FITNESS", "description": "Cowhide Leather, 4” Padded Lumbar Back Support, 10 Adjustable Holes, Powerlifting Bodybuilding Deadlifts Squats...", "has_size": false, "price": "48.60", "rating": "4.80", "image_url": null, "image": "Weight_lifting_belt_black_gold_logo_B63Oajw.jpg"}}, {"model": "products.product", "pk": 190, "fields": {"category": 4, "sku": "prod17", "name": "WEIGHT LIFTING BELT", "description": "AUTO LOCK, 6” Padded Back Support, Men Women Gym Fitness Functional Strength Training, Bodybuilding Powerlifting Weightlifting.", "has_size": false, "price": "60.00", "rating": "4.90", "image_url": null, "image": "Weight_lifting_belt_black_AHse6ZM.jpg"}}, {"model": "products.product", "pk": 191, "fields": {"category": 5, "sku": "prod18", "name": "WEIGHT LIFTING GYM WORKOUT GLOVE", "description": "ihuan Ventilated Weight Lifting Gym Workout Gloves with Wrist Wrap Support for Men & Women, Full Palm Protection, for Weightlifting, Training, Fitness,...", "has_size": true, "price": "11.50", "rating": "4.20", "image_url": null, "image": "Gloves_weight_black_dvGioaM.jpg"}}, {"model": "products.product", "pk": 192, "fields": {"category": 11, "sku": "prod19", "name": "FITBEAST RESISTANCE BANDS PULL UP", "description": "Assist Bands Set, 5 Different levels Exercise Workout Bands for Powerlifting, Muscle Toning, CrossFit, Yoga, Stretch...", "has_size": false, "price": "15.60", "rating": "4.70", "image_url": null, "image": "Resistance_bands_set_of_five_Gv1OXZf.jpg"}}, {"model": "products.product", "pk": 193, "fields": {"category": 7, "sku": "prod20", "name": "H2O BOTTLES 2.2 LITRE WATER BOTTLE", "description": "XL Gym Bottle | BPA Free Plastic Leak-Proof Reusable Hydrate Water Bottle for Gym, Office, Sports, Hiking, Protective...", "has_size": false, "price": "19.60", "rating": "4.80", "image_url": null, "image": "2l_water_bottle_DfD4HUm.jpg"}}, {"model": "products.product", "pk": 194, "fields": {"category": 7, "sku": "prod21", "name": "CHILLY'S SERIES 2 BOTTLE", "description": "Leak-Proof, No Sweating - BPA-Free Stainless Steel - Reusable - Double Walled, Vacuum Insulated - Keeps Cold for 24+ Hrs, Hot...", "has_size": false, "price": "21.00", "rating": "4.60", "image_url": null, "image": "Stainless_waterbottle_leak_proof_jmgTeSk.jpg"}}, {"model": "products.product", "pk": 195, "fields": {"category": 7, "sku": "prod22", "name": "SUPER SPARROW STAINLESS WATER BOTTLE", "description": "Water Bottle - 350ml / 500ml / 620ml / 750ml / 1000ml - Vacuum Insulated Metal Water Bottle - Standard Mouth Flask - BPA Free..", "has_size": false, "price": "25.20", "rating": "5.00", "image_url": null, "image": "Stainless_water_bottle_sparrow_BP1f7SW.jpg"}}, {"model": "products.product", "pk": 196, "fields": {"category": 12, "sku": "prod23", "name": "EXERCISE DICE FOR WORKOUT FUN", "description": "Phoenix Fitness RY1051 Exercise Dice for Workout Fun - Fitness Decision Dice - Switch Up Training Routines, HIIT and Exercises - Home and Gym – Orange", "has_size": false, "price": "12.55", "rating": "4.80", "image_url": null, "image": "Dice_Workout_fun_decistion_Dice.jpg"}}, {"model": "products.product", "pk": 197, "fields": {"category": 12, "sku": "prod24", "name": "FUN CROSSFIT MUG", "description": "Personalised and Unique Birthday, Christmas, Secret Santa or Stocking Filler Gift for Fitness Fanatics ('Did I Mention Crossfit?'...", "has_size": false, "price": "7.99", "rating": "4.10", "image_url": null, "image": "CrossFit_coffee_mug_lDf7hDq.jpg"}}, {"model": "products.product", "pk": 198, "fields": {"category": 12, "sku": "prod24", "name": "TEA COFFEE CERAMIC MUG", "description": "MG1440 Crossfit Join The Fun Novelty Gift Printed Tea Coffee Ceramic Mug", "has_size": false, "price": "6.99", "rating": "4.60", "image_url": null, "image": "CrossFit_coffee_mug_join_the_fun_AAXkcHv.jpg"}}, {"model": "products.product", "pk": 199, "fields": {"category": 12, "sku": "prod25", "name": "CUPCAKE TOPPERS", "description": "Blumomon 30Pcs Glitter Gym Theme Cupcake Toppers Weight Lifting Cupcake Toppers for Cross Fit Party Fitness Themed Birthday Party Supplies", "has_size": false, "price": "11.20", "rating": "4.80", "image_url": null, "image": "Cupcake_toppers_weight_lifting_crossFit_Party_9X9GX9I.jpg"}}, {"model": "products.product", "pk": 200, "fields": {"category": 12, "sku": "prod27", "name": "KEYRING", "description": "Seraphis Keyring for men with Mini Kettlebell Dumbell and Weight Plate", "has_size": false, "price": "15.00", "rating": "4.90", "image_url": null, "image": "CrossFit_keyring_withKettlebell_8RTGOm7.jpg"}}, {"model": "products.product", "pk": 201, "fields": {"category": 7, "sku": "prod26", "name": "WATER BOTTLE WITH STRAW", "description": "Mango Water Bottle With Straw - 900ml Motivational Time Markings - BPA Free Sports Bottles With Flip Nozzle And Leakproof Cap…", "has_size": false, "price": "12.99", "rating": "3.50", "image_url": null, "image": "BPA_free_sport_water_bottle_5FZpdPu.jpg"}}, {"model": "checkout.order", "pk": 8, "fields": {"order_number": "82A9F1462D7B44F3B11D66B1BCE14E2A", "user_profile": null, "full_name": "Joanna Ewa Lazarek", "email": "joannaelazarek@yahoo.co.uk", "phone_number": "07708325434", "country": "United Kingdom", "postcode": "SW19 3ET", "town_or_city": "London", "street_address1": "88 Tilehurst Road", "street_address2": null, "county": "Wielka Brytania", "date": "2022-06-12T09:40:53.753Z", "delivery_cost": "0.80", "order_total": "7.99", "grand_total": "8.79", "original_bag": "", "stripe_pid": ""}}, {"model": "checkout.order", "pk": 9, "fields": {"order_number": "5E4811D50B79426FBAF8EF6AA0CA8DEE", "user_profile": null, "full_name": "Joanna Ewa Lazarek", "email": "joannaelazarek@yahoo.co.uk", "phone_number": "07708325434", "country": "United Kingdom", "postcode": "SW19 3ET", "town_or_city": "London", "street_address1": "88 Tilehurst Road", "street_address2": null, "county": "Wielka Brytania", "date": "2022-06-12T10:04:16.297Z", "delivery_cost": "1.30", "order_total": "12.99", "grand_total": "14.29", "original_bag": "", "stripe_pid": ""}}, {"model": "checkout.order", "pk": 10, "fields": {"order_number": "26105DC33F7B41408CD0D9A110226F1A", "user_profile": null, "full_name": "Joanna Ewa Lazarek", "email": "joannaelazarek@yahoo.co.uk", "phone_number": "07708325434", "country": "United Kingdom", "postcode": "SW19 3ET", "town_or_city": "London", "street_address1": "88 Tilehurst Road", "street_address2": null, "county": "Wielka Brytania", "date": "2022-06-12T10:04:50.251Z", "delivery_cost": "1.75", "order_total": "17.50", "grand_total": "19.25", "original_bag": "", "stripe_pid": ""}}, {"model": "checkout.order", "pk": 11, "fields": {"order_number": "A6AFD8655A994976BDDD2128FEADCF9B", "user_profile": null, "full_name": "Joanna Ewa Lazarek", "email": "joannaelazarek@yahoo.co.uk", "phone_number": "07708325434", "country": "United Kingdom", "postcode": "SW19 3ET", "town_or_city": "London", "street_address1": "88 Tilehurst Road", "street_address2": null, "county": "Wielka Brytania", "date": "2022-06-12T10:18:54.491Z", "delivery_cost": "1.20", "order_total": "11.99", "grand_total": "13.19", "original_bag": "", "stripe_pid": ""}}, {"model": "checkout.order", "pk": 12, "fields": {"order_number": "25C187F8C3054B6F9A09864B18E4545E", "user_profile": null, "full_name": "Joanna Ewa Lazarek", "email": "joannaelazarek@yahoo.co.uk", "phone_number": "07708325434", "country": "United Kingdom", "postcode": "SW19 3ET", "town_or_city": "London", "street_address1": "88 Tilehurst Road", "street_address2": null, "county": "Wielka Brytania", "date": "2022-06-12T10:23:36.648Z", "delivery_cost": "1.56", "order_total": "15.60", "grand_total": "17.16", "original_bag": "", "stripe_pid": ""}}, {"model": "checkout.order", "pk": 13, "fields": {"order_number": "21F2EDCB065441B2B0BBA2A3C3195C87", "user_profile": null, "full_name": "Joanna Ewa Lazarek", "email": "joannaelazarek@yahoo.co.uk", "phone_number": "07708325434", "country": "United Kingdom", "postcode": "SW19 3ET", "town_or_city": "London", "street_address1": "88 Tilehurst Road", "street_address2": null, "county": "Wielka Brytania", "date": "2022-06-12T10:26:02.869Z", "delivery_cost": "1.95", "order_total": "19.50", "grand_total": "21.45", "original_bag": "", "stripe_pid": ""}}, {"model": "checkout.order", "pk": 14, "fields": {"order_number": "232A4EBF6E134CAFBCE8351E1004DA50", "user_profile": null, "full_name": "Joanna Ewa Lazarek", "email": "joannaelazarek@yahoo.co.uk", "phone_number": "07708325434", "country": "United Kingdom", "postcode": "SW19 3ET", "town_or_city": "London", "street_address1": "88 Tilehurst Road", "street_address2": null, "county": "Wielka Brytania", "date": "2022-06-12T10:34:37.798Z", "delivery_cost": "2.05", "order_total": "20.50", "grand_total": "22.55", "original_bag": "", "stripe_pid": ""}}, {"model": "checkout.order", "pk": 15, "fields": {"order_number": "87D1643C62D74ECFAC2F85D3A3A87C36", "user_profile": null, "full_name": "Joanna Ewa Lazarek", "email": "joannaelazarek@yahoo.co.uk", "phone_number": "07708325434", "country": "United Kingdom", "postcode": "SW19 3ET", "town_or_city": "London", "street_address1": "88 Tilehurst Road", "street_address2": null, "county": "Wielka Brytania", "date": "2022-06-12T11:41:36.172Z", "delivery_cost": "1.90", "order_total": "18.99", "grand_total": "20.89", "original_bag": "", "stripe_pid": ""}}, {"model": "checkout.order", "pk": 16, "fields": {"order_number": "BE2D8A4CC7054EF59DB90E122E29E461", "user_profile": null, "full_name": "Joanna Ewa Lazarek", "email": "joannaelazarek@yahoo.co.uk", "phone_number": "07708325434", "country": "United Kingdom", "postcode": "SW19 3ET", "town_or_city": "London", "street_address1": "88 Tilehurst Road", "street_address2": null, "county": "Wielka Brytania", "date": "2022-06-12T11:43:08.978Z", "delivery_cost": "1.56", "order_total": "15.60", "grand_total": "17.16", "original_bag": "", "stripe_pid": ""}}, {"model": "checkout.order", "pk": 17, "fields": {"order_number": "BC9FFB8C7454453E87162727E892AE16", "user_profile": null, "full_name": "Joanna Ewa Lazarek", "email": "joannaelazarek@yahoo.co.uk", "phone_number": "07708325434", "country": "United Kingdom", "postcode": "SW19 3ET", "town_or_city": "London", "street_address1": "88 Tilehurst Road", "street_address2": null, "county": "Wielka Brytania", "date": "2022-06-12T11:44:33.324Z", "delivery_cost": "1.56", "order_total": "15.60", "grand_total": "17.16", "original_bag": "", "stripe_pid": ""}}, {"model": "checkout.order", "pk": 18, "fields": {"order_number": "354BF868ABE34483A5F5D0D2ADAEFC53", "user_profile": null, "full_name": "Joanna Ewa Lazarek", "email": "joannaelazarek@yahoo.co.uk", "phone_number": "07708325434", "country": "United Kingdom", "postcode": "SW19 3ET", "town_or_city": "London", "street_address1": "88 Tilehurst Road", "street_address2": null, "county": "Wielka Brytania", "date": "2022-06-12T11:45:35.290Z", "delivery_cost": "1.96", "order_total": "19.60", "grand_total": "21.56", "original_bag": "", "stripe_pid": ""}}, {"model": "checkout.order", "pk": 19, "fields": {"order_number": "B02EFFBA7CC3471581BB7EC022296F3E", "user_profile": null, "full_name": "Joanna Ewa Lazarek", "email": "joannaelazarek@yahoo.co.uk", "phone_number": "07708325434", "country": "United Kingdom", "postcode": "SW19 3ET", "town_or_city": "London", "street_address1": "88 Tilehurst Road", "street_address2": null, "county": "Wielka Brytania", "date": "2022-06-12T11:49:17.490Z", "delivery_cost": "2.16", "order_total": "21.60", "grand_total": "23.76", "original_bag": "", "stripe_pid": ""}}, {"model": "checkout.order", "pk": 20, "fields": {"order_number": "84E06796DB354FBB8D9DF1897B9A7DBA", "user_profile": null, "full_name": "Joanna Ewa Lazarek", "email": "joannaelazarek@yahoo.co.uk", "phone_number": "07708325434", "country": "GB", "postcode": "SW19 3ET", "town_or_city": "London", "street_address1": "88 Tilehurst Road", "street_address2": null, "county": null, "date": "2022-06-12T16:14:30.485Z", "delivery_cost": "0.00", "order_total": "40.58", "grand_total": "40.58", "original_bag": "", "stripe_pid": ""}}, {"model": "checkout.order", "pk": 21, "fields": {"order_number": "7F54B2BDE6D84C468DFFFB3B0D22298F", "user_profile": null, "full_name": "Joanna Ewa Lazarek", "email": "joannaelazarek@yahoo.co.uk", "phone_number": "07708325434", "country": "GB", "postcode": "SW19 3ET", "town_or_city": "London", "street_address1": "88 Tilehurst Road", "street_address2": null, "county": null, "date": "2022-06-12T16:50:28.727Z", "delivery_cost": "1.20", "order_total": "11.99", "grand_total": "13.19", "original_bag": "{\"176\": 1}", "stripe_pid": "pi_3L9tzDCQmncmYtAI0uxJKoa7"}}, {"model": "checkout.order", "pk": 22, "fields": {"order_number": "0156670D61924302821DA5ABBED55207", "user_profile": null, "full_name": "Joanna Ewa Lazarek", "email": "joannaelazarek@yahoo.co.uk", "phone_number": "07708325434", "country": "GB", "postcode": "SW19 3ET", "town_or_city": "London", "street_address1": "88 Tilehurst Road", "street_address2": null, "county": null, "date": "2022-06-14T14:57:54.007Z", "delivery_cost": "0.00", "order_total": "31.98", "grand_total": "31.98", "original_bag": "{\"175\": 1, \"179\": 1}", "stripe_pid": "pi_3LAbBOCQmncmYtAI0YiJv1R1"}}, {"model": "checkout.order", "pk": 23, "fields": {"order_number": "0AA53D1FD158494F8A0CB872E9BFB93F", "user_profile": null, "full_name": "Joanna Ewa Lazarek", "email": "joannaelazarek@yahoo.co.uk", "phone_number": "07708325434", "country": "GB", "postcode": "SW19 3ET", "town_or_city": "London", "street_address1": "88 Tilehurst Road", "street_address2": null, "county": null, "date": "2022-06-14T15:54:35.869Z", "delivery_cost": "0.80", "order_total": "7.99", "grand_total": "8.79", "original_bag": "{\"187\": 1}", "stripe_pid": "pi_3LAc48CQmncmYtAI01FQ44h4"}}, {"model": "checkout.order", "pk": 24, "fields": {"order_number": "C4931BD1F1E5405984E3BC087C0903F0", "user_profile": null, "full_name": "Joanna Ewa Lazarek", "email": "joannaelazarek@yahoo.co.uk", "phone_number": "07708325434", "country": "GB", "postcode": "SW19 3ET", "town_or_city": "London", "street_address1": "88 Tilehurst Road", "street_address2": null, "county": null, "date": "2022-06-14T16:06:50.874Z", "delivery_cost": "0.00", "order_total": "25.20", "grand_total": "25.20", "original_bag": "{\"195\": 1}", "stripe_pid": "pi_3LAcG9CQmncmYtAI0swF7zcK"}}, {"model": "checkout.order", "pk": 25, "fields": {"order_number": "0B2899433D454E5C8A95720D6F4EAC35", "user_profile": null, "full_name": "Joanna Ewa Lazarek", "email": "joannaelazarek@yahoo.co.uk", "phone_number": "07708325434", "country": "GB", "postcode": "SW19 3ET", "town_or_city": "London", "street_address1": "88 Tilehurst Road", "street_address2": null, "county": null, "date": "2022-06-14T16:27:45.098Z", "delivery_cost": "0.00", "order_total": "50.40", "grand_total": "50.40", "original_bag": "{\"195\": 2}", "stripe_pid": "pi_3LAcaSCQmncmYtAI11dS51uB"}}, {"model": "checkout.order", "pk": 26, "fields": {"order_number": "9F95C135FF004AD8891347A5F01CD698", "user_profile": null, "full_name": "Joanna Ewa Lazarek", "email": "joannaelazarek@yahoo.co.uk", "phone_number": "07708325434", "country": "GB", "postcode": "SW19 3ET", "town_or_city": "London", "street_address1": "88 Tilehurst Road", "street_address2": null, "county": null, "date": "2022-06-14T16:31:20.323Z", "delivery_cost": "1.56", "order_total": "15.60", "grand_total": "17.16", "original_bag": "{\"192\": 1}", "stripe_pid": "pi_3LAcdyCQmncmYtAI0LvnuKFV"}}, {"model": "checkout.order", "pk": 27, "fields": {"order_number": "11261421D1554CE48B808ED09BA5B31C", "user_profile": null, "full_name": "Joanna Ewa Lazarek", "email": "joannaelazarek@yahoo.co.uk", "phone_number": "07708325434", "country": "GB", "postcode": "SW19 3ET", "town_or_city": "London", "street_address1": "88 Tilehurst Road", "street_address2": null, "county": null, "date": "2022-06-14T16:33:58.834Z", "delivery_cost": "1.75", "order_total": "17.50", "grand_total": "19.25", "original_bag": "{\"180\": 1}", "stripe_pid": "pi_3LAcgTCQmncmYtAI1XXv9Eyz"}}, {"model": "checkout.order", "pk": 28, "fields": {"order_number": "40938443493E42199C3EFD862DC440F3", "user_profile": null, "full_name": "Joanna Ewa Lazarek", "email": "joannaelazarek@yahoo.co.uk", "phone_number": "07708325434", "country": "GB", "postcode": "SW19 3ET", "town_or_city": "London", "street_address1": "88 Tilehurst Road", "street_address2": null, "county": null, "date": "2022-06-14T16:38:36.993Z", "delivery_cost": "1.56", "order_total": "15.60", "grand_total": "17.16", "original_bag": "{\"192\": 1}", "stripe_pid": "pi_3LAckzCQmncmYtAI1qyyq2Vl"}}, {"model": "checkout.order", "pk": 29, "fields": {"order_number": "98E125463D714F069698C47F2994B999", "user_profile": null, "full_name": "Joanna Ewa Lazarek", "email": "joannaelazarek@yahoo.co.uk", "phone_number": "07708325434", "country": "GB", "postcode": "SW19 3ET", "town_or_city": "London", "street_address1": "88 Tilehurst Road", "street_address2": null, "county": null, "date": "2022-06-14T16:41:57.053Z", "delivery_cost": "1.95", "order_total": "19.50", "grand_total": "21.45", "original_bag": "{\"182\": 1}", "stripe_pid": "pi_3LAcoECQmncmYtAI03F96euN"}}, {"model": "checkout.order", "pk": 30, "fields": {"order_number": "F9B035012B57468C9DBF952BBB98B1AD", "user_profile": null, "full_name": "Joanna Ewa Lazarek", "email": "joannaelazarek@yahoo.co.uk", "phone_number": "07708325434", "country": "GB", "postcode": "SW19 3ET", "town_or_city": "London", "street_address1": "88 Tilehurst Road", "street_address2": null, "county": null, "date": "2022-06-14T16:43:12.266Z", "delivery_cost": "1.30", "order_total": "12.99", "grand_total": "14.29", "original_bag": "{\"1\": 1}", "stripe_pid": "pi_3LAcpPCQmncmYtAI1dbAS6oT"}}, {"model": "checkout.order", "pk": 31, "fields": {"order_number": "D17A917F224D48C39FDA4DF24948D445", "user_profile": null, "full_name": "Joanna Ewa Lazarek", "email": "joannaelazarek@yahoo.co.uk", "phone_number": "07708325434", "country": "GB", "postcode": "SW19 3ET", "town_or_city": "London", "street_address1": "88 Tilehurst Road", "street_address2": null, "county": "Wielka Brytania", "date": "2022-06-15T09:58:38.275Z", "delivery_cost": "1.56", "order_total": "15.60", "grand_total": "17.16", "original_bag": "{\"192\": 1}", "stripe_pid": "pi_3LAszUCQmncmYtAI0hM3KzT1"}}, {"model": "checkout.order", "pk": 32, "fields": {"order_number": "E8AE1692E38C41A285702C38C4462F9E", "user_profile": null, "full_name": "Joanna Ewa Lazarek", "email": "joannaelazarek@yahoo.co.uk", "phone_number": "07708325434", "country": "GB", "postcode": "SW19 3ET", "town_or_city": "London", "street_address1": "88 Tilehurst Road", "street_address2": null, "county": null, "date": "2022-06-15T09:59:46.054Z", "delivery_cost": "1.90", "order_total": "18.99", "grand_total": "20.89", "original_bag": "{\"179\": 1}", "stripe_pid": "pi_3LAt0aCQmncmYtAI0SpPLBui"}}, {"model": "checkout.order", "pk": 33, "fields": {"order_number": "A16D637F4B54482D95CEB22BEA45A3E5", "user_profile": null, "full_name": "Joanna Ewa Lazarek", "email": "joannaelazarek@yahoo.co.uk", "phone_number": "07708325434", "country": "GB", "postcode": "SW19 3ET", "town_or_city": "London", "street_address1": "88 Tilehurst Road", "street_address2": null, "county": null, "date": "2022-06-15T10:06:25.180Z", "delivery_cost": "1.30", "order_total": "12.99", "grand_total": "14.29", "original_bag": "{\"175\": 1}", "stripe_pid": "pi_3LAt5oCQmncmYtAI1BHYgIRO"}}, {"model": "checkout.order", "pk": 34, "fields": {"order_number": "D3CA32ABCC01460DABAA878B1CFE1191", "user_profile": null, "full_name": "Joanna Ewa Lazarek", "email": "joannaelazarek@yahoo.co.uk", "phone_number": "07708325434", "country": "GB", "postcode": "SW19 3ET", "town_or_city": "London", "street_address1": "88 Tilehurst Road", "street_address2": null, "county": null, "date": "2022-06-15T10:33:43.644Z", "delivery_cost": "1.20", "order_total": "11.99", "grand_total": "13.19", "original_bag": "{\"176\": 1}", "stripe_pid": "pi_3LAtXSCQmncmYtAI01BboDBr"}}, {"model": "checkout.orderlineitem", "pk": 12, "fields": {"order": 8, "product": 197, "product_size": null, "quantity": 1, "lineitem_total": "7.99"}}, {"model": "checkout.orderlineitem", "pk": 13, "fields": {"order": 9, "product": 175, "product_size": null, "quantity": 1, "lineitem_total": "12.99"}}, {"model": "checkout.orderlineitem", "pk": 14, "fields": {"order": 10, "product": 180, "product_size": null, "quantity": 1, "lineitem_total": "17.50"}}, {"model": "checkout.orderlineitem", "pk": 15, "fields": {"order": 11, "product": 177, "product_size": null, "quantity": 1, "lineitem_total": "11.99"}}, {"model": "checkout.orderlineitem", "pk": 16, "fields": {"order": 12, "product": 192, "product_size": null, "quantity": 1, "lineitem_total": "15.60"}}, {"model": "checkout.orderlineitem", "pk": 17, "fields": {"order": 13, "product": 182, "product_size": null, "quantity": 1, "lineitem_total": "19.50"}}, {"model": "checkout.orderlineitem", "pk": 18, "fields": {"order": 14, "product": 181, "product_size": null, "quantity": 1, "lineitem_total": "20.50"}}, {"model": "checkout.orderlineitem", "pk": 19, "fields": {"order": 15, "product": 179, "product_size": null, "quantity": 1, "lineitem_total": "18.99"}}, {"model": "checkout.orderlineitem", "pk": 20, "fields": {"order": 16, "product": 192, "product_size": null, "quantity": 1, "lineitem_total": "15.60"}}, {"model": "checkout.orderlineitem", "pk": 21, "fields": {"order": 17, "product": 192, "product_size": null, "quantity": 1, "lineitem_total": "15.60"}}, {"model": "checkout.orderlineitem", "pk": 22, "fields": {"order": 18, "product": 193, "product_size": null, "quantity": 1, "lineitem_total": "19.60"}}, {"model": "checkout.orderlineitem", "pk": 23, "fields": {"order": 19, "product": 184, "product_size": null, "quantity": 1, "lineitem_total": "21.60"}}, {"model": "checkout.orderlineitem", "pk": 24, "fields": {"order": 20, "product": 192, "product_size": null, "quantity": 1, "lineitem_total": "15.60"}}, {"model": "checkout.orderlineitem", "pk": 25, "fields": {"order": 20, "product": 1, "product_size": null, "quantity": 1, "lineitem_total": "12.99"}}, {"model": "checkout.orderlineitem", "pk": 26, "fields": {"order": 20, "product": 176, "product_size": null, "quantity": 1, "lineitem_total": "11.99"}}, {"model": "checkout.orderlineitem", "pk": 27, "fields": {"order": 21, "product": 176, "product_size": null, "quantity": 1, "lineitem_total": "11.99"}}, {"model": "checkout.orderlineitem", "pk": 28, "fields": {"order": 22, "product": 175, "product_size": null, "quantity": 1, "lineitem_total": "12.99"}}, {"model": "checkout.orderlineitem", "pk": 29, "fields": {"order": 22, "product": 179, "product_size": null, "quantity": 1, "lineitem_total": "18.99"}}, {"model": "checkout.orderlineitem", "pk": 30, "fields": {"order": 23, "product": 187, "product_size": null, "quantity": 1, "lineitem_total": "7.99"}}, {"model": "checkout.orderlineitem", "pk": 31, "fields": {"order": 24, "product": 195, "product_size": null, "quantity": 1, "lineitem_total": "25.20"}}, {"model": "checkout.orderlineitem", "pk": 32, "fields": {"order": 25, "product": 195, "product_size": null, "quantity": 2, "lineitem_total": "50.40"}}, {"model": "checkout.orderlineitem", "pk": 33, "fields": {"order": 26, "product": 192, "product_size": null, "quantity": 1, "lineitem_total": "15.60"}}, {"model": "checkout.orderlineitem", "pk": 34, "fields": {"order": 27, "product": 180, "product_size": null, "quantity": 1, "lineitem_total": "17.50"}}, {"model": "checkout.orderlineitem", "pk": 35, "fields": {"order": 28, "product": 192, "product_size": null, "quantity": 1, "lineitem_total": "15.60"}}, {"model": "checkout.orderlineitem", "pk": 36, "fields": {"order": 29, "product": 182, "product_size": null, "quantity": 1, "lineitem_total": "19.50"}}, {"model": "checkout.orderlineitem", "pk": 37, "fields": {"order": 30, "product": 1, "product_size": null, "quantity": 1, "lineitem_total": "12.99"}}, {"model": "checkout.orderlineitem", "pk": 38, "fields": {"order": 31, "product": 192, "product_size": null, "quantity": 1, "lineitem_total": "15.60"}}, {"model": "checkout.orderlineitem", "pk": 39, "fields": {"order": 32, "product": 179, "product_size": null, "quantity": 1, "lineitem_total": "18.99"}}, {"model": "checkout.orderlineitem", "pk": 40, "fields": {"order": 33, "product": 175, "product_size": null, "quantity": 1, "lineitem_total": "12.99"}}, {"model": "checkout.orderlineitem", "pk": 41, "fields": {"order": 34, "product": 176, "product_size": null, "quantity": 1, "lineitem_total": "11.99"}}, {"model": "profiles.userprofile", "pk": 3, "fields": {"user": 4, "default_phone_number": null, "default_street_address1": null, "default_street_address2": null, "default_town_or_city": null, "default_postcode": null, "default_county": null, "default_country": null}}, {"model": "profiles.userprofile", "pk": 4, "fields": {"user": 5, "default_phone_number": null, "default_street_address1": null, "default_street_address2": null, "default_town_or_city": null, "default_postcode": null, "default_county": null, "default_country": null}}]